{"cameraMode":{"drawMode":0,"name":"Shaded","section":"Shading Mode"},"sceneLighting":true,"audioPlay":false,"sceneViewState":{"m_AlwaysRefresh":false,"showFog":true,"showSkybox":true,"showFlares":true,"showImageEffects":true,"showParticleSystems":true,"showVisualEffectGraphs":true,"m_FxEnabled":true},"in2DMode":false,"pivot":{"x":-3.6809170246124269,"y":0.2653525173664093,"z":-5.455436706542969},"rotation":{"x":-0.17014366388320924,"y":0.061150114983320239,"z":-0.0105786994099617,"w":-0.9834591746330261},"size":3.0319302082061769,"orthographic":false}